Author,,Subject,Series,Title,Relation,Creation Date,Modification Date,Edition,Uniform title,Medium Type,Open Access,Language,Availability,Language of cataloging,ISBN,Record number,ISBN (13),ISSN,Collections,Availability (Network),MMS ID,,Orders,Peer Reviewed,Managed by,Requests,MMS ID,underReview,resultFromNetwork
"Book - Physical;   Brockopp, Dorothy Young, (Burlington, Massachusetts : Jones & Bartlett Learning, [2020])",,Nursing--Research.   Nursing--Research--Methodology. ,,"Establishing a research-friendly environment : a hospital-based approach / Dorothy Y. Brockopp, Karen S. Hill, Andrew A. Bugajski, Alexander J. Lengerich.",,9/16/19 8:41,9/16/19 8:41,,,,,English,"Availability:Physical version at NULS: CIRCSTACKS; RT81.5 .B76 2020  (1 copy, 0 available)
",English,9781284141573  and others,(OCoLC)1045084979;(OCoLC)on1045084979,9781284141573  and others,,,,9.93E+15,,1,,,0,9.93E+15,,
"Book - Physical;   Rhodes, Matthew (New York, NY : Oxford University Press, [2020])",,Study skills.   Learning.   Learning--Social aspects.  and others,,"A guide to effective studying and learning : practical strategies from the science of learning / Matthew G. Rhodes, Anne M. Cleary, and Edward L. DeLosh.",,9/16/19 8:41,9/16/19 8:41,,,,,English,"Availability:Physical version at NULS: CIRCSTACKS; LB2395 .R54 2020  (1 copy, 0 available)
",English,9780190214470  and others,(OCoLC)1075530432;(OCoLC)on1075530432,9780190214470  and others,,,,9.93E+15,,1,,,0,9.93E+15,,
"Book - Physical;   Ruecker, Todd Christopher, (London ; Routledge, 2020.)",,Education--Research--Methodology.   Qualitative research. ,,"Navigating challenges in qualitative educational research : research, interrupted / edited by Todd Ruecker and Vanessa Svilha.",,9/16/19 8:41,9/16/19 8:41,,,,,English,"Availability:Physical version at NULS: CIRCSTACKS; LB1028 .N3365 2020  (1 copy, 0 available)
",English,9780367173623  and others,(OCoLC)1100446452;(OCoLC)on1100446452,9780367173623  and others,,,,9.93E+15,,1,,,0,9.93E+15,,
"Book - Physical;   Tindall-Ford, Sharon. (Abingdon, Oxon ; Routledge, 2020.)",,"Learning, Psychology of.   Cognitive learning.   Educational psychology. ",Local/global issues in education.,"Advances in cognitive load theory : rethinking teaching / edited by Sharon Tindall-Ford, Shirley Agostinho and John Sweller.",,9/16/19 8:41,9/16/19 8:41,,,,,English,"Availability:Physical version at NULS: CIRCSTACKS; LB1060 .A29 2020  (1 copy, 0 available)
",English,9780367246884  and others,(OCoLC)1083689681;(OCoLC)on1083689681,9780367246884  and others,,,,9.93E+15,,1,,,0,9.93E+15,,
"Book - Physical;   Stevens, Tara, (New York, NY : Routledge, Taylor & Francis Group, 2020.)",,"Learning, Psychology of.   Cognition--Effect of exercise on.   Learning--Physiological aspects.  and others",Ed psych insights.,Physical activity and student learning / Tara Stevens.,,9/16/19 8:41,9/16/19 8:41,,,,,English,"Availability:Physical version at NULS: CIRCSTACKS; LB1060 .S843 2020  (1 copy, 0 available)
",English,9781138348738  and others,(OCoLC)1086013474;(OCoLC)on1086013474,9781138348738  and others,,,,9.93E+15,,1,,,0,9.93E+15,,
"Book - Electronic;   online resource By Morrell, Ernest (New York, New York ; Routledge, 2020.)",,Educational technology.   Literacy--Study and teaching.   Educational equalization.  and others,,Stories from inequity to justice in literacy education : confronting digital divides / edited by Ernest Morrell and Jennifer Rowsell.,,7/16/19 16:51,9/16/19 4:18,,,,,English,"Availability:Electronic version at Ebook Central Perpetual and DDA Titles: Full Text  
",English,0-429-63266-5  and others,(CKB)4100000008701087;(MiAaPQ)EBC5813632,9780429632662  and others,,,,9.93E+15,,1,,,0,9.93E+15,,
"Book - Electronic;   online resource By Robson, Andrew (New York, New York ; Routledge, 2020.)",,Jazz--Australia--History and criticism.   Jazz musicians--Australia.   Electronic books. ,,Austral jazz : the localization of a global music form in Sydney / Andrew Robson.,,7/13/19 18:45,9/16/19 4:18,,,,,English,"Availability:Electronic version at Ebook Central Perpetual and DDA Titles: Full Text  
",English,0-429-85021-2  and others,(CKB)4100000008524692;(MiAaPQ)EBC5802480,9780429850219  and others,,,,9.93E+15,,0,,,0,9.93E+15,,
"Book - Electronic;   online resource By Iftiqar, (Boca Raton, Florida ; CRC Press, [2020])",,Cancer--Treatment--Economic aspects.   Electronic books. ,Chapman & Hall/CRC biostatistics series.,"Economic evaluation of cancer drugs : using clinical trial and real-world data / Iftekhar Khan, Ralph Crott, and Zahid Bashir.",,7/6/19 13:15,9/16/19 4:18,,,,,English,"Availability:Electronic version at Ebook Central Perpetual and DDA Titles: Full Text  
",English,0-429-15582-4  and others,(CKB)4100000008483415;(MiAaPQ)EBC5789288,9780429155826  and others,,,,9.93E+15,,1,,,0,9.93E+15,,
Book - Electronic;  (Springer),,,,A Practical Guide to Design for Additive Manufacturing,,8/10/19 13:08,9/16/19 4:18,,,,,English,"Availability:Electronic version at Ebook Central Perpetual and DDA Titles: Full Text  
",,9789811382819  and others,(CKB)4100000008876885,9789811382819  and others,,,,9.93E+15,,1,,,0,9.93E+15,,
"Book - Electronic;   online resource By Weir, Lucy, (Wilmington, Delaware ; Vernon Press, [2020])",,Environmental responsibility.   Electronic books. ,Series on climate change and society,Love is green : compassion as responsibility in the ecological emergency / Lucy Weir.,,8/3/19 13:01,9/16/19 4:18,,,,,English,"Availability:Electronic version at Ebook Central Perpetual and DDA Titles: Full Text  
",English,1-62273-806-3  and others,(CKB)4100000008769301;(MiAaPQ)EBC5831554,9781622738069  and others,,,,9.93E+15,,0,,,0,9.93E+15,,
"Book - Electronic;   online resource By Hemphill, Jim, (London ; Routledge, 2020.)",,Television series--Production and direction.   Television--Production and direction.   Television producers and directors--United States--Interviews.  and others,,The art and craft of TV directing : conversations with episodic television directors / Jim Hemphill.,,8/3/19 13:01,9/16/19 4:18,,,,,English,"Availability:Electronic version at Ebook Central Perpetual and DDA Titles: Full Text  
",English,0-429-62106-X  and others,(CKB)4100000008737032;(MiAaPQ)EBC5831716,9780429621062  and others,,,,9.93E+15,,1,,,0,9.93E+15,,
"Book - Electronic;   online resource By Donohue, Chip, (New York ; Routledge, Taylor & Francis Group, 2020.)",,Early childhood education--Computer-assisted instruction.   Educational technology.   Electronic books. ,,Exploring key issues in early childhood and technology : evolving perspectives and innovative approaches / edited by Chip Donohue.,,7/16/19 16:51,9/16/19 4:18,,,,,English,"Availability:Electronic version at Ebook Central Perpetual and DDA Titles: Full Text  
",English,0-429-85468-4  and others,(CKB)4100000008693813;(MiAaPQ)EBC5813402,9780429854682  and others,,,,9.93E+15,,1,,,0,9.93E+15,,
"Book - Physical;   Yarbro, Connie Henke, (Burlington, Massachusetts : Jones & Bartlett Learning, [2020])",,Cancer--Nursing--Examinations--Study guides. ,,"Oncology nursing review / Connie Henke Yarbro, MS, RN, FAAN (Editor: Seminars in Oncology Nursing, Oncology Nursing Consultant, Destin, Florida, Adjunct Courtesy Faculty, Sinclair School of Nursing, University of Missouri, Columbus, Columbia, Missouri), Debra Wujcik, PhD, RN, AOCN, FAAN (Director of Research, Carevive Systems, Inc, Franklin, Tennessee), Barbara Holmes Gobel, MS, RN, AOCN, FAAN (Associate Chief Nurse Executive, Director of Professional Practice and Devlopment, Magnet Program Director, Northwestern Memorial Hospital, Chicago, Illinois, Adjunct Faculty, Rush University College of Nursing, Rush University Medical Center, Chicago, Illinois).",,9/16/19 8:12,9/16/19 8:12,Sixth edition.,,,,English,"Availability:Physical version at NULS: CIRCSTACKS; RC266 .Y366 2020  (1 copy, 0 available)
",English,9781284144925  and others,(OCoLC)1035228333;(OCoLC)on1035228333,9781284144925  and others,,,,9.93E+15,,1,,,0,9.93E+15,,
"Book - Physical;  still image; unmediated; volume By Abrahams, Peter H., (Edinburgh : Elsevier, [2020])",,Human anatomy--Pictorial works. ,,"Abrahams' and McMinn's clinical atlas of human anatomy / Peter H. Abrahams, Jonathan D. Spratt, Marios Loukas, Albert-Neels van Schoor.",,9/16/19 8:12,9/16/19 8:12,Eighth edition.,McMinn and Abrahams' clinical atlas of human anatomy,,,English,"Availability:Physical version at NULS: CIRCSTACKS; QM23.2 .A27 2020  (1 copy, 0 available)
",English,9780702073328  and others,(OCoLC)1091645429;(OCoLC)on1091645429,9780702073328  and others,,,,9.93E+15,,1,,,0,9.93E+15,,
"Book - Physical;  By MEHRA, NISHTA J. ([S.l.] : PICADOR 2020.)",,,,"BROWN WHITE BLACK : an american family at the intersection of race, gender, sexuality, and... religion.",,9/18/19 8:54,9/18/19 8:54,,,,,English,"Availability:Physical version at NULS: CIRCSTACKS  (1 copy, 0 available)
",English,9781250295712  and others,(OCoLC)1099207321;(OCoLC)on1099207321,9781250295712  and others,,,,9.93E+15,,1,,,0,9.93E+15,,
"Book - Physical;   Cristiano, Anthony, (Abingdon, Oxon ; Routledge, 2020.)",,Generation Y.   Digital media. ,Routledge research in cultural and media studies.,"Millenials and media ecology : culture, pedagogy, and politics / edited by Anthony Cristiano and Ahmet Atay.",,9/18/19 8:54,9/18/19 8:54,,,,,English,"Availability:Physical version at NULS: CIRCSTACKS; HQ799.5 .M54 2020  (1 copy, 0 available)
",English,9780367200251  and others,(OCoLC)1104858473;(OCoLC)on1104858473,9780367200251  and others,,,,9.93E+15,,1,,,0,9.93E+15,,
"Book - Physical;   Horrow, Richard B., (Champaign, Il : Human Kinetics, [2020])",,Sports--Economic aspects.   Sports administration. ,,"The sport business handbook : insights from 100+ leaders who shaped 50 years of the industry / Rick Horrow, editor ; with Rick Burton, Myles Schrag.",,9/18/19 8:54,9/18/19 8:54,,,,,English,"Availability:Physical version at NULS: CIRCSTACKS; GV716 .S5854 2020  (1 copy, 0 available)
",English,9781492543107  and others,(OCoLC)1080249071;(OCoLC)on1080249071,9781492543107  and others,,,,9.93E+15,,1,,,0,9.93E+15,,
"Book - Physical;   Kuther, Tara L., (Thousand Oaks, California : SAGE Publications, Inc., [2020])",,"Psychology--Study and teaching (Higher)   Psychology--Vocational guidance.   Psychology, Applied--Vocational guidance. ",,The psychology major's handbook / Tara L. Kuther.,,9/18/19 8:54,9/18/19 8:54,Fifth edition.,,,,English,"Availability:Physical version at NULS: CIRCSTACKS; BF77 .K855 2020  (1 copy, 0 available)
",English,9781544359465  and others,(OCoLC)1051776696;(OCoLC)on1051776696,9781544359465  and others,,,,9.93E+15,,1,,,0,9.93E+15,,
"Book - Physical;  By SHAFAK, ELIF. ([S.l.] : BLOOMSBURY 2020.)",,,,10 MINUTES 38 SECONDS IN THIS STRANGE WORLD.,,9/12/19 7:28,9/12/19 7:28,,,,,English,"Availability:Physical version at NULS: CIRCSTACKS  (1 copy, 0 available)
",English,9781635574470  and others,(OCoLC)1108212677;(OCoLC)on1108212677,9781635574470  and others,,,,9.93E+15,,1,,,0,9.93E+15,,
"Book - Electronic;   online resource By Clikeman, Paul M., (London ; Routledge, [2020])",,Accounting fraud--United States.   Corporations--Corrupt practices--Accounting.--United States   Accounting--Standards--United States.  and others,,Called to account : financial frauds that shaped the accounting profession / Paul M. Clikeman.,,6/21/19 10:11,9/9/19 4:19,Third edition.,,,,English,"Availability:Electronic version at Ebook Central Perpetual and DDA Titles: Full Text  
",English,0-429-83078-5  and others,(CKB)4100000008403171;(MiAaPQ)EBC5785753,9780429830785  and others,,,,9.93E+15,,1,,,0,9.93E+15,,
"Book - Electronic;   online resource By Chun, Edna Breinig, (New York ; Routledge, Taylor & Francis Group, 2020.)",,Discrimination in higher education.   Educational equalization.   Educational leadership.  and others,New critical viewpoints on society series.,Revisiting diversity frameworks in higher education / Edna B. Chun and Joe R. Feagin.,,7/16/19 16:51,9/9/19 4:19,,,,,English,"Availability:Electronic version at Ebook Central Perpetual and DDA Titles: Full Text  
",English,1-00-002458-X  and others,(CKB)4100000008701611;(MiAaPQ)EBC5824972,9781000024586  and others,,,,9.93E+15,,1,,,0,9.93E+15,,
"Book - Electronic;   online resource By Guo, Xiang-Gui, (Boca Raton, Florida ; CRC Press, [2020])",,Multiagent systems.   Motor vehicle fleets--Data processing.   Neural networks (Computer science)  and others,Automation and control engineering.,Multi-agent systems : platoon control and non-fragile quantized consensus / Xiang-Gui Guo [and three others].,,7/13/19 18:45,9/9/19 4:35,,,,,English,"Availability:Electronic version at Ebook Central Perpetual and DDA Titles: Full Text  
",English,1-00-022896-7  and others,(CKB)4100000008522655;(MiAaPQ)EBC5798019,9781000228960  and others,,,,9.93E+15,,0,,,0,9.93E+15,,
"Book - Electronic;   online resource By Williams, Jason M. (New York ; Routledge, Taylor & Francis Group, 2020.)",,Discrimination in criminal justice administration--United States.   African American men--Social conditions.   African American prisoners.  and others,,Black males and the criminal justice system / edited by Jason M. Williams and Steven Kniffley.,,8/3/19 13:01,9/9/19 4:35,,,,,English,"Availability:Electronic version at Ebook Central Perpetual and DDA Titles: Full Text  
",English,1-315-52201-2  and others,(CKB)4100000008736139;(MiAaPQ)EBC5828883,9781315522012  and others,,,,9.93E+15,,1,,,0,9.93E+15,,
"Book - Electronic;   online resource By Malavasic, Jolene T., (New York, New York ; Routledge, 2020.)",,Reading (Middle school)   Electronic books. ,,Collaborative learning communities in middle school literacy education : increasing student engagement with authentic literacy / Jolene T. Malavasic.,,7/6/19 13:15,9/9/19 4:48,,,,,English,"Availability:Electronic version at Ebook Central Perpetual and DDA Titles: Full Text  
",English,0-429-75699-2  and others,(CKB)4960000000108757;(MiAaPQ)EBC5793754,9780429756993  and others,,,,9.93E+15,,1,,,0,9.93E+15,,
"Book - Electronic;   online resource By Hay, David, (London ; Routledge, [2020])",,Auditing.   Electronic books. ,Routledge focus on accounting and auditing.,The future of auditing / by David Hay.,,7/6/19 13:15,9/9/19 4:48,,,,,English,"Availability:Electronic version at Ebook Central Perpetual and DDA Titles: Full Text  
",English,1-351-10546-9  and others,(CKB)4960000000110125;(MiAaPQ)EBC5795999,9781351105460  and others,,,,9.93E+15,,1,,,0,9.93E+15,,
"Book - Electronic;   online resource By Van Rythoven, Eric (London ; Routledge, Taylor & Francis Group, 2020.)",,International relations--Research--Methodology.   International relations--Psychological aspects.   Electronic books. ,Interventions (Routledge (Firm)),Methodology and emotion in international relations : parsing the passions / edited by Eric Van Rythoven and Mira Sucharov.,,7/6/19 13:15,9/9/19 4:48,,,,,English,"Availability:Electronic version at Ebook Central Perpetual and DDA Titles: Full Text  
",English,0-429-44393-5  and others,(CKB)4960000000110045;(MiAaPQ)EBC5795798,9780429443930  and others,,,,9.93E+15,,0,,,0,9.93E+15,,
"Book - Physical;   Wilkins, Mark, ([Upper Saddle River, New Jersey] : Addison-Wesley, [2020])",,Amazon Web Services (Firm)   Web services.   Cloud computing. ,Addison-Wesley learning series.,Learning Amazon Web Services (AWS) : a hands-on guide to the fundamentals of AWS cloud / Mark Wilkins.,,9/10/19 8:26,9/10/19 8:26,,,,,English,"Availability:Physical version at NULS: CIRCSTACKS; TK5105.88813 .W54 2020  (1 copy, 0 available)
",English,9780135298343  and others,(OCoLC)1110015290;(OCoLC)on1110015290,9780135298343  and others,,,,9.93E+15,,1,,,0,9.93E+15,,
Book - Electronic;  (Leiden CRC Press),,,,Sustainable Development Goals Connectivity Dilemma,,7/16/19 16:51,9/7/19 6:35,,,,,English,"Availability:Electronic version at ENVIROnetBASE: Full Text  
",,0-429-29062-4  and others,(CKB)4100000008710964,9780429290626  and others,,,,9.93E+15,,0,,,0,9.93E+15,,
"Book - Electronic;   online resource By Oriyano, Sean-Philip, (Burlington, MA : Jones & Bartlett Learning, [2020])",,Computer security.   Penetration testing (Computer security)   Computer networks--Security measures.  and others,Information systems security & assurance series,"Hacker techniques, tools, and incident handling / Sean-Philip Oriyano, Michael G. Solomon, PhD.",,9/1/18 10:45,9/5/19 17:19,Third edition.,,,,English,"Availability:Electronic version at OÕReilly for Higher Education: Full Text  
",English,1-284-14781-9  and others,(CKB)4100000005879914;(MiAaPQ)EBC5494560,9781284147810  and others,,,,9.93E+15,,0,,,0,9.93E+15,,
"Book - Electronic;   online resource By Yarbro, Connie Henke, (Burlington, Massachusetts : Jones & Bartlett Learning, [2020])",,Cancer--Nursing--Certification.   Tumors--Nursing.   Electronic books. ,,"Oncology nursing review / Connie Henke Yarbro, Barbara Holmes Gobel, Debra Wujcik.",,9/1/18 10:45,9/5/19 17:19,Sixth edition.,,,,English,"Availability:Electronic version at OÕReilly for Higher Education: Full Text  
",English,1-284-14493-3  and others,(CKB)4100000005879805;(MiAaPQ)EBC5493052,9781284144932  and others,,,,9.93E+15,,0,,,0,9.93E+15,,
"Book - Physical;   Thomas-EL, Salome, (Thousand Oaks, California : Corwin, [2020])",,Educational leadership--United States.   School management and organization--United States.   School environment--United States. ,,"Passionate leadership : creating a culture of success in any school / Salome Thomas-EL, Joseph Jones, T.J. Vari ; foreword by Todd Whitaker.",,9/5/19 8:57,9/11/19 12:52,,,,,English,"Availability:Physical version at NULS: CIRCSTACKS; LB2805 .T495 2018  (1 copy, 1 available)
",English,9781544345697  and others,40029357304;(OCoLC)1086549439;(OCoLC)on1086549439,9781544345697  and others,,,,9.93E+15,,1,,,0,9.93E+15,,
"Book - Electronic;   online resource By Williamson, Ronald, (New York ; Routledge, Taylor & Francis Group, 2020.)",,School improvement programs--United States.   Electronic books. ,,7 strategies for improving your school / by Ronald Williamson and Barbara R. Blackburn.,,7/16/19 16:51,9/2/19 4:44,,,,,English,"Availability:Electronic version at Ebook Central Perpetual and DDA Titles: Full Text  
",English,0-429-42269-5  and others,(CKB)4100000008693502;(MiAaPQ)EBC5813290,9780429422690  and others,,,,9.93E+15,,1,,,0,9.93E+15,,
"Book - Electronic;   online resource By Tucker, Catherine (New York, New York ; Routledge, [2020])",,Children--Counseling of.   Infants--Counseling of.   Neuropsychology.  and others,,Counseling at the beginning : intervention and issues in infancy and early childhood / edited by Catherine Tucker.,,7/13/19 18:45,9/2/19 4:44,,,,,English,"Availability:Electronic version at Ebook Central Perpetual and DDA Titles: Full Text  
",English,1-317-31152-3  and others,(CKB)4100000008521961;(MiAaPQ)EBC5798327,9781317311522  and others,,,,9.93E+15,,1,,,0,9.93E+15,,
"Book - Electronic;   online resource By Grady, James D., (New York, New York ; Routledge, 2020.)",,Organizational behavior.   Attachment behavior.   Personnel management--Psychological aspects.  and others,Routledge research in employment relations.,Workplace attachments : managing beneath the surface / James Grady [and three others].,,7/16/19 16:51,8/26/19 4:17,,,,,English,"Availability:Electronic version at Ebook Central Perpetual and DDA Titles: Full Text  
",English,0-429-29399-2  and others,(CKB)4100000008693228;(MiAaPQ)EBC5813167,9780429293993  and others,,,,9.93E+15,,1,,,0,9.93E+15,,
"Book - Electronic;   online resource By Lim, Jong Seong, (Boca Raton, Florida ; CRC Press, [2020])",,Quality control.   Electronic books. ,,Quality management in engineering : a scientific and systematic approach / by Jong S. Lim.,,8/10/19 13:08,8/25/19 1:17,,,,,English,"Availability:Electronic version at PROJECTMANAGEMENTnetBASE: Full Text  
",English,1-00-044908-4  and others,(CKB)4100000008869568;(MiAaPQ)EBC5841750,9781000449082  and others,,,,9.93E+15,,0,,,0,9.93E+15,,
"Book - Electronic;   online resource By Messina, Michael Matthew, (Boca Raton, Florida ; CRC Press, [2020])",,Computer games--Programming--Computer programs.   GameGuru.   Electronic books. ,,An introduction to GameGuru / Michael Matthew Messina.,,8/3/19 13:01,8/25/19 1:16,,,,,English,"Availability:Electronic version at COMPUTERSCIENCEnetBASE: Full Text  
",English,0-429-46496-7  and others,(CKB)4100000008736793;(MiAaPQ)EBC5830867,9780429464966  and others,,,,9.93E+15,,0,,,0,9.93E+15,,
"Book - Electronic;   online resource By Liebowitz, Jay (Boca Raton ; CRC Press, Taylor & Francis Group, [2020])",,Decision making.   Leadership.   Electronic books. ,Data analytics applications.,Developing informed intuition for decision-making / edited by Jay Liebowitz.,,8/3/19 13:01,9/16/19 4:18,,,,,English,"Availability:Electronic version at Ebook Central Perpetual and DDA Titles: Full Text  
Availability:Electronic version at COMPUTERSCIENCEnetBASE: Full Text  
",English,0-429-29809-9  and others,(CKB)4100000008737357;(MiAaPQ)EBC5835417,9780429298097  and others,,,,9.93E+15,,1,,,0,9.93E+15,,
"Book - Electronic;   online resource By Kuhn, Max, (Boca Raton, Florida ; CRC Press, [2020])",,Database management.   Electronic books. ,,"Feature engineering and selection : a practical approach for predictive models / Max Kuhn, Kjell Johnson.",,8/10/19 13:08,8/25/19 1:47,,,,,English,"Availability:Electronic version at COMPUTERSCIENCEnetBASE: Full Text  
",English,1-351-60946-7  and others,(CKB)4100000008780212;(MiAaPQ)EBC5838737,9781351609463  and others,,,,9.93E+15,,0,,,0,9.93E+15,,
"Book - Electronic;   online resource By Sinha, Adwitiya (Boca Raton, Florida ; CRC Press, [2020])",,Artificial intelligence--Medical applications.   Medical informatics.   Electronic books. ,,Smart healthcare systems / edited by Adwitiya Sinha and Megha Rathi.,,8/10/19 13:08,8/25/19 1:47,,,,,English,"Availability:Electronic version at COMPUTERSCIENCEnetBASE: Full Text  
",English,0-429-67028-1  and others,(CKB)4100000008780215;(MiAaPQ)EBC5838740,9780429670282  and others,,,,9.93E+15,,0,,,0,9.93E+15,,
"Book - Electronic;   online resource By Chaki, Jyotismita, (Boca Raton, Florida ; CRC Press, [2020])",,Computer vision.   Pattern recognition systems.   Electronic books. ,Intelligent signal processing and data analysis.,"A beginner's guide to image shape feature extraction techniques / Jyotismita Chaki, Nilanjan Dey.",,8/10/19 13:08,8/25/19 1:17,,,,,English,"Availability:Electronic version at COMPUTERSCIENCEnetBASE: Full Text  
",English,0-429-28779-8  and others,(CKB)4100000008780679;(MiAaPQ)EBC5839964,9780429287794  and others,,,,9.93E+15,,0,,,0,9.93E+15,,
"Book - Electronic;   online resource By Haug, Roger Tim, (Boca Raton, Florida ; CRC Press, [2020])",,Microbial ecology.   Electronic books. ,,Lessons in environmental microbiology / Roger Tim Haug.,,8/3/19 13:01,8/19/19 1:41,,,,,English,"Availability:Electronic version at ENVIROnetBASE: Full Text  
",English,0-429-81047-4  and others,(CKB)4100000008736502;(MiAaPQ)EBC5829890,9780429810473  and others,,,,9.93E+15,,0,,,0,9.93E+15,,
"Book - Electronic;   online resource By Rao-Graham, Lila, (Boca Raton, Florida ; CRC Press, [2020])",,Business intelligence.   Small business--Management.   Strategic planning.  and others,,"Business intelligence for small and medium-sized enterprises : an agile roadmap toward business sustainability / Lila Rao-Graham, Maurice L. McNaughton, Gunjan Mansingh.",,7/16/19 16:51,8/16/19 6:01,,,,,English,"Availability:Electronic version at Ebook Central Perpetual and DDA Titles: Full Text  
",English,1-00-005405-5  and others,(CKB)4100000008701621;(MiAaPQ)EBC5824982,9781000054057  and others,,,,9.93E+15,,1,,,0,9.93E+15,,
"Book - Physical;   Faddis, Toni, (Thousand Oaks, California : Corwin, a SAGE Company, [2020])",,Educational leadership--Moral and ethical aspects.   Educational leadership--Decision making. ,,The ethical line : 10 leadership strategies for effective decision making / Toni Faddis ; foreword by Douglas Fisher.,,8/13/19 6:50,8/15/19 13:46,,,,,English,"Availability:Physical version at NULS: CIRCSTACKS; LB2806 .F34 2020  (1 copy, 1 available)
",English,9781544337883  and others,(OCoLC)1100428270;(OCoLC)on1100428270,9781544337883  and others,,,,9.93E+15,,1,,,0,9.93E+15,,
"Book - Physical;   Billings, Diane McGovern, (Philadelphia : Wolters Kluwer, [2020])",,"Nursing--Examinations, questions, etc.   Nursing--Examinations--Study guides.   Nursing--Licenses--Examinations--United States--Study guides.  and others",,"Lippincott Q&A review for NCLEX-RN / Diane M. Billings, Desiree Hensel.",,8/7/19 7:08,9/3/19 9:40,Thirteenth edition.,,,,English,"Availability:Physical version at NULS: CIRCSTACKS; RT55 .B55 2020  (1 copy, 1 available)
",English,9781975104665  and others,99981467842;(OCoLC)1057731979;(OCoLC)on1057731979,9781975104665  and others,,,,9.93E+15,,1,,,0,9.93E+15,,
"Book - Physical;  still image; unmediated; volume By Willis, Laura M., (Philadelphia : Wolters Kluwer, [2020])",,"Clinical medicine--Handbooks, manuals, etc.   Diseases--Handbooks, manuals, etc.   Nursing--Handbooks, manuals, etc. ",,"Professional guide to diseases / clinical editor, Laura M. Willis, DNP, APRN-CNP, CMSRN, Family Nurse Practitioner, Mercy Health-Urbana Family Medicine and Pediatrics, Urbana, Ohio.",,8/7/19 8:16,8/7/19 8:16,Eleventh edition.,,,,English,"Availability:Physical version at NULS: CIRCSTACKS; RT65 .P69 2020  (1 copy, 0 available)
",English,9781975107727  and others,(OCoLC)1077483041;(OCoLC)on1077483041,9781975107727  and others,,,,9.93E+15,,1,,,0,9.93E+15,,
"Book - Electronic;   online resource By De Chesnay, Mary, (Burlington, Massachusetts : Jones & Bartlett Learning, [2020])",,Nursing--Social aspects.   Transcultural nursing.   Nursing--Cross-cultural studies.  and others,,"Caring for the vulnerable : perspectives in nursing theory, practice, and research / Mary de Chesnay, Barbara A. Anderson.",,3/2/19 13:06,8/5/19 4:28,Fifth edition.,,,,English,"Availability:Electronic version at Ebook Central Perpetual and DDA Titles: Full Text  
",English,1-284-14688-X  and others,(CKB)4100000007650287;(MiAaPQ)EBC5683741,9781284146882  and others,,,,9.93E+15,,1,,,0,9.93E+15,,
"Book - Electronic;   online resource By Beetham, Helen (New York ; Routledge, Taylor & Francis Group, 2020.)",,Computer-assisted instruction--Curricula--Planning.   Electronic books. ,,Rethinking pedagogy for a digital age : principles and practices of design / edited by Helen Beetham and Rhona Sharpe.,,7/6/19 13:15,8/5/19 4:28,Third edition.,,,,English,"Availability:Electronic version at Ebook Central Perpetual and DDA Titles: Full Text  
",English,1-351-25278-X  and others,(CKB)4960000000110028;(MiAaPQ)EBC5795781,9781351252782  and others,,,,9.93E+15,,1,,,0,9.93E+15,,
"Book - Electronic;   online resource By Boswell, Carol, (Burlington, MA : Jones & Bartlett Learning, [2020])",,Nursing--Research--Methodology.   Evidence-based nursing.   Electronic books. ,,"Introduction to nursing research : incorporating evidence-based practice / edited by Carol Boswell, Sharon Cannon.",,11/14/18 2:48,8/5/19 4:28,Fifth edition.,,,,English,"Availability:Electronic version at Ebook Central Perpetual and DDA Titles: Full Text  
",English,1-284-14980-3  and others,(CKB)4100000007102051;(MiAaPQ)EBC5566681,9781284149807  and others,,,,9.93E+15,,1,,,0,9.93E+15,,
"Book - Electronic;   online resource By Brookhart, Susan M., (New York ; Routledge, Taylor & Francis Group, 2020.)",,Educational evaluation.   Educational tests and measurements--Evaluation.   Electronic books. ,,"Classroom assessment and educational measurement / edited by Susan M. Brookhart, James H. McMillan.",,7/16/19 16:51,8/25/19 1:14,,,,,English,"Availability:Electronic version at Ebook Central Perpetual and DDA Titles: Full Text  
",English,0-429-01760-X  and others,(CKB)4100000008693830;(MiAaPQ)EBC5813436,9780429017605  and others,,,,9.93E+15,,1,,,0,9.93E+15,,
"Book - Electronic;   online resource By Sloan, Robert H., (Boca Raton, Florida ; CRC Press, [2020])",,Computer networks--Security measures--Government policy.   Computer security--Government policy.   Business--Data processing--Security measures.  and others,,"Why don't we defend better? : data breaches, risk management, and public policy / Robert H. Sloan, Richard Warner.",,7/16/19 16:51,8/25/19 1:15,,,,,English,"Availability:Electronic version at FORENSICnetBASE: Full Text  
Availability:Electronic version at COMPUTERSCIENCEnetBASE: Full Text  
",English,1-351-12730-6  and others,(CKB)4100000008693346;(MiAaPQ)EBC5813587,9781351127301  and others,,,,9.93E+15,,0,,,0,9.93E+15,,
"Book - Electronic;   online resource By Jhariya, Manoj Kumar, (Oakville, ON ; Apple Academic Press, [2020])",,Agroforestry--Climatic factors.   Electronic books. ,,"Agroforestry and climate change : issues and challenges / edited by Manoj Kumar Jhariya, Dhiraj Kumar Yadav, Arnab Banerjee.",,7/16/19 16:51,8/16/19 6:00,First edition.,,,,English,"Availability:Electronic version at ENVIROnetBASE: Full Text  
",English,0-429-61461-6  and others,(CKB)4100000008693457;(MiAaPQ)EBC5813352,9780429614613  and others,,,,9.93E+15,,0,,,0,9.93E+15,,
"Book - Electronic;   online resource By Vacca, John R., (Boca Raton, Florida ; CRC Press, [2020])",,Molecular communication (Telecommunication)   Submillimeter waves.   Wireless communication systems--Equipment and supplies.  and others,,Nanoscale networking and communications handbook / [edited by] John R. Vacca.,,7/16/19 16:51,8/25/19 1:14,,,,,English,"Availability:Electronic version at COMPUTERSCIENCEnetBASE: Full Text  
",English,0-429-16304-5  and others,(CKB)4100000008693522;(MiAaPQ)EBC5813370,9780429163043  and others,,,,9.93E+15,,0,,,0,9.93E+15,,
"Book - Electronic;   online resource By Kumar, K. (Boca Raton, Florida ; CRC Press, [2020])",,Manufacturing processes--Data processing.   Assembly-line methods--Data processing.   Electronic books. ,,"Digital manufacturing and assembly systems in industry 4.0 / edited by Kaushik Kumar, Divya Zindani, and J. Paulo J. Davim.",,7/16/19 16:51,8/16/19 6:00,,,,,English,"Availability:Electronic version at COMPUTERSCIENCEnetBASE: Full Text  
",English,0-429-46476-2  and others,(CKB)4100000008693791;(MiAaPQ)EBC5813593,9780429464768  and others,,,,9.93E+15,,0,,,0,9.93E+15,,
"Book - Electronic;   online resource By Lal, Rattan (Boca Raton, Florida ; CRC Press, [2020])",,Soil degradation--Africa.   Soil restoration--Africa.   Soils--Africa.  and others,"Advances in soil science (Boca Raton, Fla.)",Soil degradation and restoration in Africa / edited by Rattan Lal and B.A. Stewart.,,7/16/19 16:51,8/25/19 1:14,,,,,English,"Availability:Electronic version at ENVIROnetBASE: Full Text  
",English,1-315-10284-6  and others,(CKB)4100000008700985;(MiAaPQ)EBC5813355,9781315102849  and others,,,,9.93E+15,,0,,,0,9.93E+15,,
"Book - Electronic;   online resource By Kale, Vivek, (Boca Raton, Florida ; CRC Press, [2020])",,Business enterprises--Computer networks.   Computer network architectures--Technological innovations.   Electronic books. ,,Digital transformation of enterprise architecture / Vivek Kale.,,7/16/19 16:51,8/25/19 1:14,,,,,English,"Availability:Electronic version at COMPUTERSCIENCEnetBASE: Full Text  
",English,1-351-02914-2  and others,(CKB)4100000008700990;(MiAaPQ)EBC5813362,9781351029148  and others,,,,9.93E+15,,0,,,0,9.93E+15,,
"Book - Electronic;   online resource By Kasser, Joseph Eli, (Boca Raton, Florida ; CRC Press, [2020])",,Project management.   Electronic books. ,,Systemic and systematic project management / by Joseph Eli Kasser.,,7/16/19 16:51,8/16/19 6:00,,,,,English,"Availability:Electronic version at PROJECTMANAGEMENTnetBASE: Full Text  
",English,0-429-02128-3  and others,(CKB)4100000008700992;(MiAaPQ)EBC5813364,9780429021282  and others,,,,9.93E+15,,0,,,0,9.93E+15,,
"Book - Electronic;   online resource By Kumar, B. V. Senthil, (Boca Raton, Florida ; CRC Press, [2020])",,Discrete mathematics.   Electronic books. ,"Mathematics and its applications : modelling, engineering, and social sciences",Discrete mathematical structures : a succinct foundation / by B.V. Senthil Kumar and Hemen Dutta.,,7/16/19 16:51,8/25/19 1:14,,,,,English,"Availability:Electronic version at COMPUTERSCIENCEnetBASE: Full Text  
",English,0-429-05368-1  and others,(CKB)4100000008700994;(MiAaPQ)EBC5813372,9780429053689  and others,,,,9.93E+15,,0,,,0,9.93E+15,,
"Book - Electronic;   online resource By Wang, Lizhe, (Boca Raton, Florida ; CRC Press, [2020])",,Remote sensing--Data processing.   Cloud computing.   Electronic books. ,,"Cloud computing in remote sensing / Lizhe Wang, Jining Yan, Yan Ma.",,7/16/19 16:51,8/25/19 1:16,,,,,English,"Availability:Electronic version at ENVIROnetBASE: Full Text  
Availability:Electronic version at COMPUTERSCIENCEnetBASE: Full Text  
",English,0-429-94987-1  and others,(CKB)4100000008701551;(MiAaPQ)EBC5824649,9780429949876  and others,,,,9.93E+15,,0,,,0,9.93E+15,,
"Book - Electronic;   online resource By Freed, Sam (Boca Raton, Florida ; CRC Press, [2020])",,Artificial intelligence--Psychological aspects.   Affect (Psychology)--Computer simulation.   Thought and thinking.  and others,,AI and human thought and emotion / Sam Freed.,,7/16/19 16:51,8/16/19 6:01,,,,,English,"Availability:Electronic version at COMPUTERSCIENCEnetBASE: Full Text  
",English,0-429-67119-9  and others,(CKB)4100000008701622;(MiAaPQ)EBC5824983,9780429671197  and others,,,,9.93E+15,,0,,,0,9.93E+15,,
"Book - Electronic;   online resource By Arlinghaus, Sandra Lach (Boca Raton, Florida ; CRC Press, [2020])",,Environmental sciences--Remote sensing.   Environmental sciences--Geographic information systems.   Spatial data infrastructures.  and others,,"Spatial thinking in environmental contexts : maps, archives, and timelines / Sandra L. Arlinghaus [and three others] editors.",,7/16/19 16:51,8/16/19 6:01,,,,,English,"Availability:Electronic version at ENVIROnetBASE: Full Text  
",English,1-351-80390-5  and others,(CKB)4100000008702090;(MiAaPQ)EBC5825569,9781351803908  and others,,,,9.93E+15,,0,,,0,9.93E+15,,
"Book - Electronic;   online resource By Ding, Yu , (Boca Raton, Florida ; CRC Press, 2020.)",,Wind power--Data processing.   Electronic books. ,,Data science for wind energy / Yu Ding.,,6/21/19 10:11,7/17/19 12:44,,,,,English,"Availability:Electronic version at COMPUTERSCIENCEnetBASE: Full Text  
",English,0-429-49097-6  and others,(CKB)4100000008402304;(MiAaPQ)EBC5784347,9780429490972  and others,,,,9.93E+15,,0,,,0,9.93E+15,,
"Book - Electronic;   online resource By Alter, Benjamin, (Boca Raton, Florida ; CRC Press, [2020])",,Environmental impact analysis.   Environmental impact consultants.   Electronic books. ,,"Environmental consulting fundamentals : investigation, remediation, and brownfields redevelopment / authored by Benjamin Alter.",,7/6/19 13:15,7/19/19 8:01,Second edition.,,,,English,"Availability:Electronic version at ENVIROnetBASE: Full Text  
",English,0-429-46437-1  and others,(CKB)4100000008483037;(MiAaPQ)EBC5789238,9780429464379  and others,,,,9.93E+15,,0,,,0,9.93E+15,,
"Book - Electronic;   online resource By Latino, Mark A., (Boca Raton, Florida ; CRC Press, [2020])",,Quality control--Data processing.   Industrial accidents--Investigation.   Critical incident technique.  and others,,"Root cause analysis : improving performance for bottom-line results / Mark A. Latino, Robert J. Latino, and Kenneth C. Latino.",,7/13/19 18:45,8/6/19 20:25,Fifth edition.,,,,English,"Availability:Electronic version at PROJECTMANAGEMENTnetBASE: Full Text  
",English,0-429-82210-3  and others,(CKB)4100000008522628;(MiAaPQ)EBC5798025,9780429822100  and others,,,,9.93E+15,,0,,,0,9.93E+15,,
"Book - Electronic;   online resource By Sundareswaran, K. (Boca Raton ; CRC Press, Taylor & Francis Group, [2020])",,Fuzzy logic.   Fuzzy systems.   Electronic books. ,CRC focus series.,A learner's guide to fuzzy logic systems / K. Sundareswaran.,,7/13/19 18:45,7/29/19 23:42,,,,,English,"Availability:Electronic version at COMPUTERSCIENCEnetBASE: Full Text  
",English,1-00-003431-3  and others,(CKB)4100000008522641;(MiAaPQ)EBC5798027,9781000034318  and others,,,,9.93E+15,,0,,,0,9.93E+15,,
"Book - Electronic;   online resource By Engelstein, Geoffrey, (Boca Raton, Florida ; CRC Press, [2020])",,Board games--Design and construction.   Electronic books. ,,"Building blocks of tabletop game design : an encyclopedia of mechanisms / Geoffrey Engelstein, Isaac Shalev.",,7/13/19 18:45,8/6/19 20:25,,,,,English,"Availability:Electronic version at COMPUTERSCIENCEnetBASE: Full Text  
",English,0-429-77376-5  and others,(CKB)4100000008522642;(MiAaPQ)EBC5798022,9780429773761  and others,,,,9.93E+15,,0,,,0,9.93E+15,,
"Book - Electronic;   online resource By Nourani, Cyrus F., (Oakville, ON, Canada ; Apple Academic Press, [2020])",,Management--Statistical methods.   Business intelligence.   Electronic books. ,,"Computing predictive analytics, business intelligence, and economics : modeling techniques with startups and incubators / edited by Cyrus F. Nourani, PhD.",,7/13/19 18:45,7/29/19 23:42,,,,,English,"Availability:Electronic version at COMPUTERSCIENCEnetBASE: Full Text  
",English,0-429-87870-2  and others,(CKB)4100000008522643;(MiAaPQ)EBC5798013,9780429878701  and others,,,,9.93E+15,,0,,,0,9.93E+15,,
"Book - Electronic;   online resource By Saha, Suman, (Boca Raton, Florida ; CRC Press, [2020])",,Data structures (Computer science)   Electronic books. ,,"Advanced data structures : theory and applications / Suman Saha, Shailendra Shukla.",,7/13/19 18:45,8/6/19 20:25,,,,,English,"Availability:Electronic version at COMPUTERSCIENCEnetBASE: Full Text  
",English,0-429-94984-7  and others,(CKB)4100000008522644;(MiAaPQ)EBC5802342,9780429949845  and others,,,,9.93E+15,,0,,,0,9.93E+15,,
"Book - Electronic;   online resource By Wiredu, Gamel O., (Boca Raton, Florida ; CRC Press, [2020])",,Global software development.   Electronic books. ,,Global software engineering : virtualization and coordination / Gamel O. Wiredu.,,7/6/19 13:15,7/19/19 8:01,,,,,English,"Availability:Electronic version at PROJECTMANAGEMENTnetBASE: Full Text  
",English,0-429-58976-X  and others,(CKB)4960000000108704;(MiAaPQ)EBC5793700,9780429589768  and others,,,,9.93E+15,,0,,,0,9.93E+15,,
"Book - Electronic;   online resource By Vowels, Susan A. (Boca Raton, Florida ; CRC Press, 2020.)",,Information technology.   Electronic books. ,,"Teaching data analytics : pedagogy and program design / edited by Susan A. Vowels, Katherine Leaming Goldberg.",,7/6/19 13:15,7/29/19 23:41,,,,,English,"Availability:Electronic version at COMPUTERSCIENCEnetBASE: Full Text  
",English,1-351-72144-5  and others,(CKB)4960000000108705;(MiAaPQ)EBC5793701,9781351721448  and others,,,,9.93E+15,,0,,,0,9.93E+15,,
"Book - Electronic;   online resource By Thatcher, Andrew (Boca Raton, Florida ; CRC Press, 2020.)",,Human engineering.   Sustainable engineering.   Sustainable development.  and others,,"Human factors for sustainability : theoretical perspectives and global applications / edited by Andrew Thatcher, Klaus J. Zink, Klaus Fischer.",,7/6/19 13:15,7/19/19 8:01,,,,,English,"Availability:Electronic version at ENVIROnetBASE: Full Text  
",English,1-351-26966-6  and others,(CKB)4960000000108795;(MiAaPQ)EBC5793820,9781351269667  and others,,,,9.93E+15,,0,,,0,9.93E+15,,
"Book - Physical;   Marshall, P. David, (Hoboken, NJ : Wiley Blackwell, 2020.)",,Group identity.   Self-presentation.   Social media.  and others,,"Persona studies : an introduction / P. David Marshall, Christopher L. Moore, and Kim Barbour.",,7/16/19 7:57,8/5/19 13:40,,,,,English,"Availability:Physical version at NULS: CIRCSTACKS; HM753 .M358 2020  (1 copy, 1 available)
",English,9781118935040  and others,99981253681;(OCoLC)1096212839;(OCoLC)on1096212839,9781118935040  and others,,,,9.93E+15,,1,,,0,9.93E+15,,
"Book - Physical;   Robb, Evan, (THOUSAND OAKS : CORWIN SAGE 2019.)",,"School principals--United States--Handbooks, manuals, etc.   School management and organization--United States--Handbooks, manuals, etc.   Educational leadership--United States--Handbooks, manuals, etc. ",,The ten-minute principal : free up your time to focus on leadership / Evan Robb.,,7/23/19 8:31,8/6/19 11:07,First edition.,,,,English,"Availability:Physical version at NULS: CIRCSTACKS; LB2831.92 .R626 2020  (1 copy, 1 available)
",English,9781544345574  and others,(OCoLC)1090697249;(OCoLC)on1090697249,9781544345574  and others,,,,9.93E+15,,1,,,0,9.93E+15,,
"Book - Electronic;   online resource By Elshaer, Abdallah M., (Oakville, Ontario ; Apple Academic Press, 2020.)",,Tourism--Employees--Supply and demand.   Hospitality industry--Employees--Supply and demand.   Labor turnover.  and others,,"Labor in the tourism and hospitality industry : skills, ethics, issues, and rights / Abdallah M. Elshaer, Asmaa M. Marzouk.",,6/8/19 13:26,7/3/19 22:17,,,,,English,"Availability:Electronic version at PROJECTMANAGEMENTnetBASE: Full Text  
",English,0-429-87759-5  and others,(CKB)4100000008339004;(MiAaPQ)EBC5780624,9780429877599  and others,,,,9.93E+15,,0,,,0,9.93E+15,,
"Book - Physical;   Wagner, William E. (Thousand Oaks, California : SAGE Publications, Inc., [2020])",,SPSS for Windows.   Social sciences--Statistical methods. ,,"Using IBM SPSS statistics for research methods and social science statistics / William E. Wagner, III, California State University, Channel Islands.",,6/25/19 9:04,7/3/19 13:07,Seventh edition.,,,,English,"Availability:Physical version at NULS: CIRCSTACKS; HA32 .W34 2020  (1 copy, 0 available)
",English,9781506389004  and others,40029191765;(OCoLC)1065544663;(OCoLC)on1065544663,9781506389004  and others,,,,9.93E+15,,2,,,0,9.93E+15,,
"Book - Physical;   Neck, Christopher P., (Thousand Oaks, California : SAGE Publications, Inc., [2020])",,Leadership--Psychological aspects.   Self-perception.   Self-esteem. ,,"Self-leadership : the definitive guide to personal excellence / Christopher P. Neck, Charles C. Manz, Jeffery D. Houghton.",,5/22/19 13:52,5/28/19 10:29,Second edition.,,,,English,"Availability:Physical version at NULS: CIRCSTACKS; BF637.L4 N43 2020  (1 copy, 1 available)
",English,9781544324302  and others,40029056937;(OCoLC)1077575082;(OCoLC)on1077575082,9781544324302  and others,,,,9.93E+15,,1,,,0,9.93E+15,,
"Book - Electronic;   online resource By Aschengrau, Ann, (Burlington, MA : Jones & Bartlett Learning, LLC, [2020])",,Public health--United States.   Electronic books. ,,Essentials of Epidemiology in Public Health / Ann Aschengrau and George R. Seage.,,8/15/18 3:22,4/29/19 20:24,Fourth edition.,,,,English,"Availability:Electronic version at Ebook Central Perpetual and DDA Titles: Full Text  
",English,1-284-12836-9  and others,(CKB)4100000005601133;(MiAaPQ)EBC5485236,9781284128369  and others,,,,9.93E+15,,1,,,0,9.93E+15,,
"Journal {Journal - Electronic}  online resource (Hoboken,  New Jersey  : John Wiley & Sons Inc)",,,,Legume science.,,12/22/18 10:03,6/14/19 0:25,,,,,English,"Availability:Electronic version at Wiley Online Library Open Access: Full Text  
",,,(OCoLC)1056208640;(CKB)4100000007205249;(CONSER)--2018203784,,2639-6181 ,,,9.93E+15,,0,,,0,9.93E+15,,
"Book - Electronic;   online resource By Seikel, John A., (San Diego, CA : Plural Publishing Inc., [2020])",,Speech--Physiological aspects.   Hearing--Physiological aspects.   Neuroanatomy  and others,,"Neuroanatomy and neurophysiology for speech and hearing sciences / J. Anthony Seikel, Kostas Konstantopoulos, David G. Drumright.",,2/14/19 22:25,7/8/19 4:53,,,,,English,"Availability:Electronic version at Ebook Central Perpetual and DDA Titles: Full Text  
",,1-63550-072-9  and others,(CKB)4100000007591256,9781635500721  and others,,,,9.93E+15,,0,,,0,9.93E+15,,
"Book - Electronic;   online resource By Andreatta, Richard D., (San Diego, CA : Plural Publishing Inc., [2020])",,Central nervous system.   Senses and sensation.   Perception. ,,Neuroscience fundamentals for communication sciences and disorders / Richard D. Andreatta.,,2/14/19 22:25,7/8/19 4:53,,,,,English,"Availability:Electronic version at Ebook Central Perpetual and DDA Titles: Full Text  
",,1-63550-270-5  and others,(CKB)4100000007591252,9781635502701  and others,,,,9.93E+15,,0,,,0,9.93E+15,,
"Book - Electronic;   online resource By Lentz, Jennifer J., (San Diego CA [2020])",,Auditory perception.   Psychoacoustics. ,,Psychoacoustics : perception of normal and impaired hearing with audiology applications / Jennifer J. Lentz.,,2/14/19 22:25,7/8/19 4:53,,,,,English,"Availability:Electronic version at Ebook Central Perpetual and DDA Titles: Full Text  
",,1-59756-991-7  and others,(CKB)4100000007591250,9781597569910  and others,,,,9.93E+15,,0,,,0,9.93E+15,,
"Book - Electronic;   online resource By Hixon, Thomas J., (San Diego, CA : Plural Publishing Inc., [2020])",,Electronic books. ,,"Preclinical speech science : anatomy, physiology, acoustics, and perception / Thomas J. Hixon [and two others].",,10/13/18 9:43,12/20/18 12:37,Third edition.,,,,English,"Availability:Electronic version at Ebook Central Perpetual and DDA Titles: Full Text  
",English,1-63550-062-1  and others,(CKB)4100000006669765;(MiAaPQ)EBC5509496,9781635500622  and others,,,,9.93E+15,,0,,,0,9.93E+15,,
"Book - Electronic;   online resource By Hammaker, Donna K., (Burlington, Massachusetts : Jones & Bartlett Learning, [2020])",,Medical records--Law and legislation--United States.   Electronic books. ,,Health records and the law / Donna K. Hammaker.,,10/15/18 22:33,12/20/18 10:07,Fifth edition.,,,,English,"Availability:Electronic version at Ebook Central Perpetual and DDA Titles: Full Text  
",English,1-284-12900-4  and others,(CKB)4100000006996676;(MiAaPQ)EBC5528821,9781284129007  and others,,,,9.93E+15,,0,,,0,9.93E+15,,